Match number,Player,XP,Kills,Damage,Deaths,Hill Time
1,Dweeb,3740,25,2482,26,14
1,Robos729tv,3740,21,2068,27,34
1,VirtuousStream,3080,13,1523,30,53
1,Aconite77,2630,12,1793,27,33
1,tree6064,8520,52,3227,12,142
1,Relinquish,8010,55,3838,10,66
1,EcstaticBug77,6870,45,2824,9,52
1,wgrid93 | SGLIFERS,6790,44,2723,17,64
2,DemureSouls,6740,47,3360,21,64
2,J0gabonito-Discord.gg/sglifers,6120,44,3115,27,52
2,lulujin,5150,38,3134,28,35
2,Teh Pug,5150,30,2206,33,90
2,ttv SotaAG,8650,57,4315,24,80
2,$moore :3,7610,44,2884,24,96
2,buh,6920,44,3346,21,42
2,CPT. UNDERPANTS,5840,36,2677,26,49
3,DemureSouls,7860,46,3701,24,141
3,J0gabonito-Discord.gg/sglifers,6530,42,3679,24,43
3,lulujin,5770,39,2906,23,52
3,Teh Pug,5700,32,2258,30,105
3,Robos729tv,8880,50,3920,25,93
3,VirtuousStream,7620,37,2973,28,152
3,Dweeb,7440,50,3786,20,39
3,Aconite77,5940,32,1959,25,84
5,Robos729tv,6900,43,3601,27,100
5,Aconite77,5350,32,2300,33,75
5,VirtuousStream,4960,27,2014,35,81
5,Dweeb,4730,36,3295,29,8
5,ttv SotaAG,8300,56,4315,21,70
5,buh,7780,46,3285,18,78
5,$moore :3,7590,42,3243,24,89
5,CPT. UNDERPANTS,7290,47,3578,19,84
